ReqID,SupportsNeedID
6145,738
6146,739
6147,739
6148,739
6168,758
6169,7712
6205,786
6213,786
6214,786
6219,793
6253,7116
6254,7108
6254,7732
6255,7729
6256,7109
6257,7112
6258,7110
6259,7110
6337,7148
6338,7148
6339,7148
6340,7148
6341,7149
6342,7148
6343,7149
6344,7152
6345,7152
6346,7153
6386,7169
6401,7178
6402,7178
6403,7178
6404,7179
6405,7180
6406,7181
6407,7181
6408,7180
6476,7216
6477,7216
6479,7217
6480,7217
6481,7216
6482,7216
6483,7216
6484,7216
6485,7217
6486,7218
6487,7219
6523,7239
6524,7239
6525,758
6525,7241
6525,7712
6526,7241
6527,7242
6528,7242
6603,7284
6604,7285
6605,7285
6606,7284
6607,7285
6657,7310
6658,7311
6659,7311
6660,7312
6661,7312
6662,7312
6663,7312
6664,7312
6665,7312
6666,7312
6667,7312
6668,7312
6669,7312
6670,7312
6671,7312
6680,7303
6683,7300
6687,7328
6688,7328
6705,7338
6707,7340
6708,7340
6709,7340
6710,7340
6711,7340
6712,7340
6713,7300
6714,7303
6715,7305
6726,7349
6727,7349
6728,7350
6757,7368
6758,7368
6796,7699
6829,7411
6835,7421
6845,7300
6846,7300
6856,7435
6857,792
6857,7435
6858,7435
6859,7435
6998,7517
6999,7517
61033,7349
61039,7303
61040,7303
61041,7303
61083,7627
61083,7760
61084,7616
61085,7616
61086,7619
61087,7616
61088,7756
61089,7758
61090,7616
61090,7627
61090,7760
61091,7620
61091,7760
61092,7756
61093,7616
61093,7757
61094,7616
61094,7622
61094,7758
61095,7757
61100,7821
61101,7821
61102,7821
61103,7821
61111,7821
61112,7821
61113,7821
61114,7821
61115,7622
61116,7623
61116,7627
61117,7622
61118,7625
61118,7626
61119,7623
61119,7627
61120,7625
61120,7626
61121,7625
61122,7625
61122,7626
61123,7625
61123,7626
61124,7627
61125,7625
61125,7626
61126,7623
61126,7627
61127,7627
61128,7627
61131,7821
61132,7821
61133,7821
61134,7821
61135,7575
61135,7616
61136,7621
61137,7621
61138,7621
61139,7621
61140,7575
61140,7621
61141,7645
61141,7775
61142,7645
61142,7775
61143,7616
61144,7621
61145,7621
61146,7616
61146,7758
61147,7621
61147,7627
61147,7758
61148,7616
61148,7627
61148,7758
61149,7616
61149,7758
61150,7616
61150,7621
61150,7627
61150,7758
61151,7616
61151,7758
61152,7627
61152,7758
61153,7616
61153,7758
61154,7616
61154,7758
61155,7616
61155,7627
61155,7758
61156,7616
61156,7627
61156,7758
61157,7616
61157,7758
61158,7616
61158,7627
61158,7758
61159,7616
61159,7627
61159,7758
61160,7278
61161,7278
61162,7528
61163,7228
61166,7821
61167,7821
61168,7821
61169,7821
61170,7821
61180,7800
61181,7801
61182,7800
61183,7816
61184,7592
61185,7594
61186,7785
61187,7785
61188,7592
61189,7821
61190,7821
61191,7821
61192,7821
61200,7590
61201,7591
61202,7590
61203,7589
61204,7589
61206,7575
61207,7575
61208,7575
61209,7589
61210,7589
61211,7777
61212,7777
61213,7777
61214,7777
61215,7578
61216,7577
61217,7577
61218,7577
61219,7577
61220,7577
61221,7816
61222,7800
61223,7800
61223,7803
61224,7575
61224,7621
61225,7575
61225,7621
61226,7575
61226,7621
61227,7762
61228,7762
61229,7762
61230,7884
61231,7884
61232,7759
61233,7756
61234,7756
61235,7756
61236,7756
61237,7756
61238,7756
61239,7756
61240,7756
61241,7759
61242,7756
61243,7756
61244,7756
61245,7756
61246,758
61247,7733
61248,758
61249,758
61250,758
61250,7662
61251,758
61252,7821
61253,7821
61254,7821
61255,7821
61258,7680
61259,7680
61260,7680
61261,7680
61263,7878
61264,789
61265,789
61266,794
61267,789
61271,7673
61272,7673
61273,7673
61274,7673
61275,7673
61276,7790
61277,7673
61278,7673
61279,7622
61280,7757
61281,7757
61282,7757
61283,7757
61284,7798
61285,7797
61286,7799
61287,7815
61288,7797
61289,7725
61290,7727
61291,7724
61291,7789
61292,7592
61293,7785
61294,7785
61295,7592
61296,7821
61297,7821
61298,7821
61303,7841
61304,7841
61305,7841
61305,7843
61306,7841
61307,7842
61308,7841
61309,7841
61310,7655
61311,7655
61312,7655
61313,7655
61314,7604
61315,7604
61316,7604
61317,7604
61318,7604
61330,7192
61331,7584
61332,7584
61333,7585
61334,7582
61335,7583
61341,7147
61343,7616
61344,7616
61345,7616
61346,7620
61347,7614
61348,7615
61349,7614
61350,7614
61351,7671
61352,7671
61353,7671
61354,7671
61355,7671
61356,7671
61357,7671
61358,7671
61359,7671
61360,7663
61361,7663
61362,7663
61363,7663
61364,7663
61365,7663
61366,7663
61367,7841
61368,7842
61369,7841
61370,7841
61371,7842
61372,7842
61373,7843
61374,7841
61375,7655
61376,7655
61377,7655
61378,7655
61379,7657
61380,7626
61381,7627
61381,7656
61382,7578
61383,7578
61384,7577
61386,7577
61387,7577
61390,7281
61391,7281
61392,7283
61393,7280
61394,7283
61395,7280
61397,7583
61398,7582
61399,7584
61400,7584
61401,7584
61402,7584
61403,7584
61408,7662
61409,7660
61410,7661
61411,7661
61412,7662
61413,7664
61414,7660
61416,7662
61417,7663
61418,7882
61419,7664
61420,7662
61422,7662
61423,7579
61424,7881
61425,7881
61426,7310
61427,7366
61427,7580
61428,7881
61429,7310
61429,7579
61430,7881
61431,7135
61431,7163
61432,7135
61432,7168
61432,7491
61432,7794
61432,7796
61433,7132
61433,7135
61433,7800
61433,7801
61434,7135
61434,7163
61434,7732
61434,7817
61435,7137
61435,7492
61435,7731
61435,7817
61436,7155
61436,7492
61437,7134
61438,7729
61438,7731
61439,7729
61439,7731
61441,7262
61441,7705
61442,7705
61443,7262
61443,7705
61444,7224
61444,7684
61445,7243
61446,7245
61446,7248
61447,7246
61448,7243
61449,7247
61450,7247
61451,7246
61452,7647
61453,7648
61454,7647
61455,7646
61456,7229
61456,7622
61456,7639
61456,7648
61457,7651
61458,7651
61459,758
61459,7652
61460,7500
61460,7567
61460,7576
61461,783
61461,7647
61461,7650
61462,783
61462,7622
61462,7647
61462,7650
61463,7622
61464,7841
61464,7843
61465,7643
61465,7775
61466,7572
61466,7641
61467,7639
61468,781
61468,782
61468,7565
61468,7567
61468,7572
61468,7574
61468,7639
61468,7642
61469,74
61469,713
61469,781
61469,782
61469,7500
61469,7506
61469,7565
61469,7639
61469,7646
61471,7718
61472,7567
61472,7852
61473,7718
61474,7567
61475,7571
61476,7110
61476,7569
61477,7570
61478,7567
61479,7568
61480,7567
61481,7568
61482,7567
61483,7567
61484,73
61484,7498
61484,7837
61485,75
61485,7836
61485,7837
61486,7838
61488,7839
61489,7838
61490,7836
61491,7646
61492,7647
61493,7647
61494,7646
61495,7646
61496,783
61496,7576
61496,7647
61496,7650
61497,783
61497,7576
61497,7647
61497,7650
61499,7622
61499,7650
61499,7718
61500,758
61500,783
61500,7229
61500,7442
61500,7594
61500,7622
61500,7646
61500,7649
61500,7851
61501,781
61501,7506
61501,7565
61501,7571
61501,7639
61501,7646
61502,7841
61502,7843
61503,7640
61503,7645
61503,7647
61503,7775
61504,7640
61504,7645
61504,7647
61504,7776
61505,781
61505,7565
61505,7572
61505,7643
61505,7646
61506,7567
61506,7852
61507,7567
61508,7567
61509,7568
61510,77
61510,7362
61510,7718
61511,7567
61512,7567
61512,7769
61513,7567
61513,7769
61514,7567
61515,7568
61515,7769
61516,7837
61517,7836
61518,7837
61519,7851
61520,7837
61521,7836
61522,7837
61523,7836
61524,7600
61525,7442
61525,7519
61525,7674
61525,7830
61526,7232
61527,7552
61528,7600
61529,7178
61529,7239
61529,7552
61529,7673
61529,7699
61529,7712
61530,7178
61530,7673
61530,7689
61531,7229
61532,7552
61533,7552
61533,7853
61534,781
61534,7500
61534,7702
61535,781
61535,7500
61535,7702
61536,782
61536,7229
61536,7702
61537,781
61537,7500
61537,7702
61538,7238
61538,7702
61539,7232
61540,782
61540,7229
61540,7702
61541,781
61541,7500
61541,7702
61542,781
61542,7500
61542,7702
61543,782
61543,7500
61543,7702
61544,781
61544,7500
61544,7702
61545,7500
61546,772
61546,7512
61546,7604
61546,7697
61546,7702
61546,7845
61547,772
61547,7500
61547,7697
61547,7702
61547,7845
61548,725
61548,772
61548,7498
61548,7506
61548,7604
61548,7697
61548,7702
61548,7836
61548,7845
61548,7857
61549,772
61549,7697
61549,7702
61549,7836
61550,75
61550,772
61550,7201
61550,7498
61550,7500
61550,7514
61550,7697
61551,75
61551,7696
61551,7699
61553,713
61553,728
61553,7200
61553,7280
61553,7500
61553,7506
61553,7519
61553,7565
61554,73
61554,725
61554,772
61554,7201
61554,7498
61554,7514
61554,7697
61554,7699
61554,7845
61554,7857
61557,7696
61557,7699
61558,7282
61559,7699
61559,7845
61560,7699
61560,7845
61561,772
61562,7282
61562,7692
61562,7845
61563,772
61564,7592
61564,7785
61565,781
61565,7696
61565,7785
61566,781
61566,7696
61567,7310
61567,7696
61567,7700
61567,7845
61568,7696
61569,7696
61569,7700
61570,7696
61570,7700
61570,7785
61571,7696
61571,7857
61572,725
61572,781
61572,7498
61572,7592
61572,7696
61572,7845
61573,7696
61574,7880
61575,7857
61576,7857
61577,7857
61578,742
61579,7857
61580,7857
61581,742
61582,742
61582,7697
61582,7857
61583,742
61583,7857
61584,743
61585,742
61585,7696
61586,742
61586,7696
61587,7696
61588,742
61588,7696
61589,742
61589,7857
61590,742
61590,7592
61590,7696
61590,7785
61591,743
61592,725
61592,7498
61592,7692
61592,7700
61592,7845
61593,781
61593,7237
61593,7696
61593,7700
61595,781
61595,7237
61595,7696
61595,7700
61596,7692
61596,7855
61597,7692
61597,7698
61598,7698
61599,7692
61599,7698
61600,7692
61600,7698
61601,7692
61601,7698
61602,7438
61603,7784
61604,7784
61605,7784
61606,7784
61607,7438
61608,7439
61609,7439
61610,7438
61611,7438
61612,7438
61613,7439
61614,7439
61615,7784
61616,7600
61617,7597
61618,7597
61619,7573
61619,7600
61620,7597
61621,7597
61622,7573
61622,7597
61623,7442
61623,7576
61624,7600
61625,7597
61626,7598
61626,7662
61627,7597
61628,7573
61628,7597
61629,7597
61630,7600
61631,7674
61632,7674
61633,7674
61634,7674
61635,7674
61636,7674
61637,7674
61638,7674
61639,7674
61639,7680
61640,7442
61640,7674
61641,7354
61642,7350
61643,7354
61644,7350
61645,7355
61646,7355
61647,7355
61648,7588
61649,7349
61650,7355
61651,7355
61652,7349
61652,7587
61653,7642
61653,7776
61654,7642
61654,7776
61655,7147
61656,728
61656,7642
61656,7775
61657,7183
61657,7644
61658,728
61658,7642
61659,7183
61659,7644
61660,7525
61661,7606
61661,7614
61662,7219
61663,7219
61664,7219
61664,7606
61665,7145
61666,7144
61666,7606
61667,762
61667,7218
61667,7435
61667,7606
61667,7612
61668,760
61668,7219
61668,7606
61668,7614
61669,7178
61669,7328
61670,7598
61671,7442
61672,7602
61673,7442
61674,7442
61675,7598
61676,7355
61677,7350
61677,7586
61678,7350
61678,7586
61679,7350
61680,7350
61681,7350
61682,7643
61683,7643
61684,728
61684,7565
61684,7642
61685,7643
61686,7183
61686,7644
61687,7645
61687,7776
61688,7643
61689,7643
61690,7784
61691,7784
61692,7784
61693,7784
61694,7442
61695,7442
61696,7552
61697,7442
61697,7552
61698,7552
61699,7435
61700,7435
61703,7435
61705,7669
61706,7562
61707,7562
61708,7562
61708,7662
61709,7669
61709,7716
61710,7666
61710,7717
61711,7669
61712,7665
61712,7716
61712,7844
61713,7562
61714,7668
61717,7662
61721,7674
61722,7674
61723,7672
61725,7668
61726,7668
61727,7668
61728,7566
61729,7572
61730,738
61730,7715
61731,7562
61732,7668
61733,7668
61735,7562
61736,7262
61736,7672
61736,7675
61736,7679
61736,7766
61737,7148
61737,7158
61737,7672
61737,7675
61737,7679
61738,7672
61738,7675
61738,7679
61739,7667
61739,7672
61740,7672
61740,7675
61740,7679
61741,7158
61741,7672
61741,7675
61741,7679
61742,7148
61742,7158
61742,7672
61742,7675
61742,7679
61743,7112
61744,758
61744,7158
61744,7672
61744,7675
61744,7710
61744,7714
61745,7684
61746,7684
61749,7262
61749,7705
61750,7262
61750,7705
61751,7684
61752,7683
61753,7262
61753,7684
61755,7138
61755,7660
61755,7665
61755,7766
61756,7138
61757,7705
61758,7684
61759,7684
61760,7684
61761,7684
61762,7183
61764,7705
61765,7705
61766,7705
61767,7685
61768,7687
61769,7687
61771,7687
61771,7688
61772,7685
61773,7687
61774,7507
61775,7507
61776,7507
61777,7507
61778,7507
61779,7507
61780,7572
61781,7572
61782,7572
61783,7566
61784,7572
61785,7566
61786,7572
61787,7572
61788,7566
61789,7572
61790,7572
61791,7572
61792,7572
61793,7200
61793,7572
61794,7524
61795,7524
61796,7524
61797,7524
61798,726
61799,726
61799,7771
61800,7525
61801,726
61802,7525
61803,7525
61807,7668
61808,7668
61809,7562
61810,7668
61811,7562
61812,7668
61814,7687
61815,7677
61815,7767
61816,7677
61816,7767
61817,7622
61817,7678
61818,7678
61818,7767
61820,7678
61820,7767
61821,7678
61821,7767
61822,7665
61822,7687
61822,7716
61822,7767
61822,7844
61823,7622
61824,7790
61825,7677
61826,7685
61827,7677
61828,7677
61828,7829
61829,7562
61829,7668
61829,7688
61829,7716
61829,7767
61830,7665
61830,7669
61830,7844
61831,7766
61832,7625
61833,7766
61834,7768
61835,7766
61836,7767
61837,7872
61838,7872
61839,7872
61840,7783
61841,7782
61842,7783
61843,7782
61843,7869
61845,7782
61846,7783
61847,7782
61848,7783
61849,7782
61850,7872
61851,7872
61852,7872
61854,7218
61855,760
61856,760
61857,762
61857,7144
61858,760
61858,7216
61859,760
61859,7218
61860,762
61861,7144
61863,7217
61866,7653
61866,7662
61867,7654
61867,7662
61869,758
61869,7663
61869,7772
61870,7770
61871,7770
61872,7662
61873,7765
61874,7765
61875,7765
61876,7765
61877,7765
61878,7765
61879,7765
61903,794
61904,786
61905,786
61906,788
61907,793
61908,793
61909,794
61910,789
61911,786
61912,7606
61913,7606
61914,7606
61916,7607
61917,794
61917,7606
61918,7607
61919,793
61919,7607
61920,7606
61921,794
61922,7607
61923,7638
61924,7148
61924,7636
61925,7636
61926,7636
61927,7636
61928,7634
61929,7636
61930,7153
61930,7635
61931,7636
61932,7148
61932,7634
61933,7637
61934,7153
61934,7636
61935,7628
61935,7656
61936,7658
61937,7656
61938,7629
61939,7656
61940,7656
61940,7790
61942,7633
61943,7633
61944,7573
61945,7148
61946,7633
61947,7148
61948,7790
61949,7153
61950,7628
61950,7656
61951,7633
61952,7655
61953,7629
61954,7631
61954,7656
61955,7622
61955,7790
61956,7149
61957,7790
61958,7149
61958,7152
61958,7790
61959,7638
61960,7638
61961,7638
61962,7638
61963,7637
61964,7637
61965,7637
61966,7637
61967,7216
61967,7796
61968,7132
61968,7135
61968,7725
61968,7788
61968,7794
61969,7135
61969,7435
61969,7794
61970,7135
61970,7724
61970,7788
61971,7135
61971,7435
61971,7724
61972,7179
61973,7179
61974,7180
61975,7181
61976,7814
61977,7181
61978,7814
61980,7814
61981,7180
61981,7219
61981,7658
61982,7180
61982,7216
61982,7657
61983,7181
61983,7628
61983,7631
61983,7657
61983,7662
61984,7180
61984,7216
61985,7633
61985,7657
61985,7662
61986,7217
61986,7658
61987,7658
61988,760
61988,7219
61988,7658
61989,7219
61989,7658
61991,7607
61992,7607
61993,7606
61994,760
61994,7217
61994,7606
61995,7606
61996,7219
61996,7606
61997,7607
61998,7606
61999,7138
62000,7683
62001,7141
62002,7143
62003,7140
62004,7140
62005,7749
62006,7746
62007,7749
62008,7749
62009,7749
62010,7749
62011,7748
62011,7763
62012,7748
62013,7883
62014,7751
62014,7752
62015,7636
62017,7751
62018,7751
62018,7752
62019,7175
62019,7753
62020,7751
62020,7752
62021,7751
62021,7752
62022,7753
62023,7266
62023,7755
62024,7751
62024,7752
62025,7751
62026,7751
62027,7751
62028,7751
62029,7751
62031,7751
62032,7753
62033,7751
62034,7751
62035,7752
62036,7752
62037,7752
62037,7754
62038,7752
62039,7752
62040,7752
62041,7753
62042,7752
62043,7175
62043,7715
62044,7175
62044,7717
62045,7175
62045,7717
62046,7176
62047,7175
62047,7715
62048,7175
62048,7715
62049,7717
62050,7715
62051,7175
62051,7715
62052,7715
62054,7224
62058,7767
62059,7767
62060,7225
62060,7767
62061,7767
62062,7622
62062,7767
62063,7766
62064,7622
62065,7223
62065,7767
62067,7767
62068,7712
62069,7710
62070,7712
62071,7710
62072,7742
62073,7743
62074,7742
62075,7743
62076,7742
62077,7262
62078,7265
62079,7266
62080,7264
62081,7264
62082,7264
62083,7263
62084,7264
62085,7263
62086,7264
62087,7263
62090,7181
62090,7620
62090,7631
62091,7656
62092,7216
62092,7620
62092,7631
62092,7659
62093,742
62093,760
62093,7631
62093,7656
62094,742
62095,7629
62095,7659
62096,742
62096,7656
62097,762
62097,7216
62097,7633
62098,7623
62098,7628
62099,742
62099,7619
62099,7625
62099,7633
62100,7656
62101,7674
62102,7519
62102,7673
62103,7673
62104,7674
62105,7580
62105,7585
62105,7674
62105,7718
62106,7790
62107,7673
62108,7149
62109,7673
62110,7790
62111,7673
62112,7790
62113,7673
62113,7767
62114,7673
62115,7673
62115,7829
62116,7673
62118,7677
62119,7677
62119,7829
62120,7685
62121,7676
62121,7677
62122,7676
62123,7676
62124,7622
62124,7677
62124,7678
62125,7687
62126,7676
62127,7678
62128,7678
62129,7677
62130,7282
62130,7283
62131,7677
62132,7675
62133,7158
62134,7714
62135,7678
62136,7676
62136,7678
62137,7676
62137,7678
62138,7676
62138,7678
62139,7676
62139,7678
62140,758
62140,7241
62140,7676
62140,7677
62140,7712
62141,7676
62141,7678
62141,7767
62142,7676
62142,7678
62143,7676
62145,7676
62145,7678
62146,7677
62147,7729
62148,7732
62149,7732
62150,7732
62151,7729
62151,7732
62152,7732
62153,7729
62154,7731
62155,7731
62156,7731
62159,7728
62159,7735
62160,7728
62161,7728
62162,7278
62162,7726
62162,7731
62162,7737
62162,7786
62163,7725
62163,7729
62163,7735
62163,7787
62164,7725
62164,7735
62164,7787
62165,7787
62166,7734
62167,7787
62168,7735
62170,7728
62170,7740
62170,7786
62171,7728
62171,7734
62171,7788
62172,7725
62172,7787
62173,7728
62173,7735
62173,7786
62174,7735
62175,7727
62175,7730
62175,7734
62177,7732
62178,7727
62179,7728
62179,7740
62180,7727
62180,7732
62180,7734
62181,7728
62181,7732
62181,7737
62182,7725
62183,7725
62184,7727
62184,7732
62185,7727
62185,7729
62185,7788
62186,7732
62187,7727
62187,7732
62187,7734
62187,7788
62188,7727
62188,7732
62188,7734
62188,7788
62189,7802
62190,7278
62191,7720
62192,7787
62193,7156
62193,7279
62193,7665
62193,7721
62193,7722
62194,7137
62194,7278
62194,7720
62195,7554
62195,7720
62196,7135
62196,7720
62197,7720
62198,7137
62198,7720
62199,7722
62200,7720
62201,7720
62202,7725
62202,7734
62202,7788
62203,7734
62203,7786
62204,7435
62204,7803
62205,7727
62205,7734
62205,7788
62206,7734
62206,7788
62207,7734
62207,7787
62208,7725
62209,7788
62213,7727
62213,7735
62213,7786
62214,7734
62215,7787
62216,7725
62216,7734
62217,7725
62217,7787
62218,7788
62219,7737
62219,7789
62219,7800
62220,7735
62220,7787
62221,7803
62222,7734
62222,7789
62223,7800
62224,7787
62225,7735
62225,7787
62226,7734
62226,7787
62227,7789
62227,7800
62228,7735
62228,7786
62229,7737
62229,7789
62230,7228
62231,7228
62232,7528
62233,7278
62234,7228
62235,7528
62236,7228
62236,7788
62236,7798
62237,7155
62237,7279
62238,7228
62239,7228
62240,7228
62241,7279
62241,7786
62242,7228
62243,7508
62243,7509
62244,7509
62245,7509
62246,7508
62247,7508
62248,7595
62248,7629
62249,7779
62250,7595
62251,7595
62251,7629
62252,7595
62253,7778
62254,7779
62255,7779
62256,7595
62257,7629
62257,7778
62258,7595
62260,7596
62261,744
62262,744
62262,7595
62263,744
62264,768
62265,768
62266,743
62267,742
62268,744
62269,769
62270,744
62271,742
62272,744
62273,743
62274,743
62275,769
62276,742
62277,742
62278,742
62279,768
62280,768
62281,742
62282,7595
62283,7595
62284,7595
62285,7779
62286,7595
62287,7604
62288,7604
62289,7604
62290,7604
62291,7604
62292,7604
62293,7604
62294,7604
62295,7604
62296,7604
62297,7604
62298,7604
62299,7604
62300,7823
62301,7821
62302,7823
62306,7821
62307,7285
62308,7285
62309,7284
62310,7285
62312,7284
62312,7821
62313,7823
62314,7821
62315,7823
62316,7821
62317,7823
62318,7823
62319,7823
62320,7284
62320,7821
62321,7823
62322,7822
62323,7822
62324,7285
62326,7285
62327,7285
62328,7285
62329,7284
62330,7284
62331,7284
62332,7285
62333,7602
62334,7340
62334,7602
62335,7602
62336,7602
62336,7662
62337,7602
62337,7662
62338,7602
62339,761
62339,7626
62340,760
62340,7626
62340,7692
62341,760
62342,760
62342,7627
62342,7692
62343,7216
62343,7796
62343,7799
62343,7801
62344,7796
62345,7816
62346,7796
62347,7659
62348,7634
62349,7216
62350,7216
62350,7625
62350,7627
62350,7633
62351,7659
62352,7625
62352,7626
62353,7628
62353,7636
62354,7216
62354,7633
62354,7657
62355,7715
62356,7665
62356,7844
62357,7665
62357,7844
62358,7556
62359,7665
62359,7844
62360,7676
62360,7767
62361,7676
62361,7677
62362,7676
62362,7677
62364,7676
62364,7678
62365,7676
62365,7677
62366,7668
62367,7676
62369,7790
62370,7676
62371,7685
62372,7676
62372,7767
62373,7669
62374,7668
62376,7556
62377,7665
62378,7556
62379,7844
62380,7774
62381,7556
62381,7844
62382,7666
62383,7556
62385,7616
62386,7575
62386,7616
62387,7620
62388,7575
62388,7621
62389,7757
62390,7756
62390,7757
62391,7760
62392,7760
62393,7756
62393,7757
62394,7756
62395,7621
62396,7757
62397,7627
62397,7760
62398,7627
62398,7760
62399,7616
62399,7627
62399,7758
62400,7627
62400,7758
62401,7756
62402,7760
62403,7627
62403,7760
62404,7619
62404,7626
62405,7616
62405,7756
62405,7757
62406,7619
62406,7627
62409,7556
62413,7667
62414,7556
62415,7667
62416,7666
62417,7666
62418,7556
62418,7665
62419,7665
62420,7821
62421,7821
62422,7821
62423,7821
62428,7778
62429,7646
62430,7643
62430,7647
62432,7645
62432,7778
62432,7779
62433,7778
62433,7779
62434,7779
62435,7776
62436,7745
62437,7745
62438,7745
62439,7745
62440,7746
62441,7746
62442,7750
62443,7746
62444,7745
62445,7747
62446,7749
62447,7760
62448,7759
62449,7759
62450,7625
62450,7626
62450,7631
62451,7756
62452,7756
62453,7622
62454,7627
62454,7628
62454,7760
62455,7633
62456,7744
62458,7743
62459,7742
62460,7744
62461,7821
62462,7821
62463,7821
62464,7821
62465,7763
62466,7763
62467,7762
62468,7762
62469,7763
62470,7763
62471,7763
62472,7763
62475,7748
62475,7764
62476,7748
62476,7764
62477,7748
62477,7764
62478,7748
62478,7764
62479,7748
62479,7764
62480,7748
62480,7764
62499,7677
62500,7677
62501,7676
62503,7677
62504,7677
62505,7677
62507,7677
62508,7677
62509,7676
62510,7677
62511,7680
62513,7680
62514,7680
62515,7680
62516,7680
62533,7303
62533,7819
62534,7818
62535,7818
62536,7303
62536,7819
62537,7305
62537,7512
62537,7820
62538,7305
62538,7512
62538,7820
62538,7867
62539,7303
62539,7360
62539,7819
62540,7303
62540,7819
62541,7818
62542,7818
62543,7875
62544,7875
62545,7818
62546,7300
62546,7818
62563,7818
62564,7818
62565,7819
62566,7819
62567,7621
62568,7621
62569,7621
65001,7109
65002,7116
65003,7112
65004,7108
65005,7110
65005,7731
65006,7109
65007,7112
65008,7112
65011,7566
65011,7572
65012,7192
65013,7866
65014,7192
65014,7194
65015,7193
65015,7359
65016,7195
65017,7359
65018,7193
65018,7565
65020,7192
65020,7355
65020,7402
65021,77
65021,7567
65021,7841
65021,7843
65022,77
65022,7718
65023,7718
65023,7841
65023,7843
65024,7570
65024,7571
65025,7361
65025,7567
65025,7769
65026,77
65026,7174
65026,7238
65026,7361
65026,7841
65026,7843
65028,7229
65029,7229
65029,7311
65030,7621
65032,7575
65032,7621
65035,7573
65035,7575
65035,7621
65036,7573
65036,7621
65037,7573
65037,7621
65039,7581
65040,7579
65041,7579
65042,7365
65042,7580
65043,7354
65043,7586
65044,7671
65046,7670
65048,7349
65048,7587
65049,7587
65050,7587
65051,7588
65053,7349
65054,7355
65055,7355
65056,7355
65057,7349
65058,7710
65059,7241
65059,7712
65060,7239
65060,7677
65060,7712
65061,7241
65061,7712
65062,7242
65063,7713
65064,7241
65065,7714
65066,7713
65067,7713
65068,7713
65071,7715
65072,7715
65073,7241
65073,7715
65075,7715
65077,7715
65078,758
65079,7639
65080,7639
65082,7639
65083,7280
65083,7565
65083,7821
65083,7830
65087,7283
65088,7283
65090,7280
65090,7565
65094,7556
65094,7843
65096,7662
65098,732
65098,7358
65098,7565
65099,7169
65099,7185
65099,7455
65100,7147
65103,725
65103,772
65103,7498
65103,7514
65103,7845
65104,7595
65105,7779
65106,7439
65107,7438
65108,7439
65109,7602
65110,7602
65111,7602
65112,7602
65113,7602
65115,7604
65116,7604
65117,7146
65117,7169
65117,7524
65119,786
65120,7435
65122,7435
65123,7435
65125,7435
65125,7795
65126,7612
65127,7622
65128,7625
65130,7622
65131,7148
65131,7625
65132,7636
65133,7148
65134,7148
65135,7148
65136,7153
65137,7149
65138,7149
65140,7149
65140,7152
65140,7153
65140,7790
65141,7790
65142,7790
65144,7562
65145,7587
65146,7229
65146,7702
65147,7229
65147,7702
65148,7112
65149,7229
65149,7519
65150,728
65150,7185
65151,7814
65154,7179
65155,7178
65156,7621
65157,7651
65158,7661
65159,7179
65160,7179
65161,7179
65162,7179
65163,7179
65164,7179
65165,7814
65166,7178
65167,728
65167,7178
65167,7519
65167,7853
65169,7180
65170,7137
65170,7787
65172,7135
65172,7491
65172,7729
65172,7794
65172,7802
65173,7728
65173,7740
65173,7786
65174,7727
65174,7732
65174,7734
65174,7789
65175,7725
65175,7729
65175,7737
65175,7787
65175,7800
65176,7727
65176,7734
65176,7789
65176,7815
65176,7816
65177,7731
65178,7729
65179,7730
65180,7731
65182,7168
65183,7155
65183,7168
65184,7169
65185,7171
65186,7171
65187,7169
65188,7169
65189,7734
65189,7787
65191,7155
65191,7811
65192,7155
65193,7157
65193,7807
65194,7157
65194,7158
65195,7158
65195,7738
65196,7155
65197,7157
65197,7158
65198,7157
65199,7157
65200,7158
65201,7158
65202,7795
65204,7812
65205,7492
65206,7492
65207,7492
65209,7491
65210,7491
65212,7137
65212,7492
65213,7491
65214,7492
65215,7492
65216,7491
65217,7491
65218,7491
65219,7491
65220,7491
65221,7491
65222,7492
65222,7802
65223,7132
65224,7802
65225,7803
65226,7132
65227,7803
65228,7803
65229,7132
65230,7803
65231,7803
65232,7720
65232,7802
65233,7721
65234,7135
65235,7135
65235,7794
65236,7724
65237,7724
65238,7724
65238,7727
65239,7727
65240,7528
65241,7730
65242,7730
65243,7731
65244,7732
65245,7275
65246,7276
65247,7750
65248,7749
65249,7265
65250,7266
65251,7275
65252,7245
65253,7249
65254,7176
65255,7761
65256,7275
65256,7276
65257,7223
65258,7224
65259,7276
65260,718
65260,7176
65261,7524
65262,7174
65262,7361
65263,7174
65264,7172
65265,7625
65266,7769
65267,7402
65268,7402
65269,7402
65270,7402
65271,7402
65272,7193
65272,7402
65273,7402
65274,7402
65275,7421
65276,7328
65276,7411
65276,7421
65277,7328
65277,7421
65278,7411
65278,7421
65279,728
65279,7108
65279,7178
65279,7239
65279,7280
65279,7300
65279,7421
65279,7500
65279,7506
65279,7520
65280,7770
65281,7771
65282,7275
65282,7276
65283,7246
65284,7276
65285,7223
65286,7243
65287,7245
65288,7249
65289,7248
65290,7734
65290,7787
65291,7176
65291,7716
65291,7844
65292,7175
65293,7175
65294,7175
65295,7175
65296,7177
65297,7175
65298,738
65298,7175
65299,7673
65299,7674
65300,7553
65301,7689
65302,7684
65303,7684
65304,7684
65305,7705
65306,7185
65307,7684
65308,7684
65309,7142
65310,7142
65311,7143
65312,7142
65313,7552
65314,7156
65315,7156
65316,7156
65317,7156
65318,725
65318,7498
65318,7837
65319,7157
65320,7157
65321,7837
65322,725
65322,7498
65322,7837
65324,7837
65325,73
65325,713
65325,725
65325,7498
65325,7837
65326,73
65326,725
65326,7836
65327,7837
65328,7837
65329,7837
65330,7837
65331,7506
65332,7507
65333,7506
65334,7506
65335,7506
65336,7555
65337,7845
65338,7846
65339,7846
65340,7847
65341,7847
65342,738
65343,738
65344,739
65345,7491
65346,7491
65347,738
65348,7163
65349,738
65350,738
65351,7163
65352,7163
65353,7843
65355,7492
65356,7163
65357,7491
65358,7491
65359,7163
65360,7491
65361,7492
65362,7492
65363,7163
65364,7842
65365,7844
65366,77
65366,7841
65366,7843
65367,7842
65368,7841
65368,7843
65369,7842
65370,77
65370,7361
65370,7841
65371,77
65371,7841
65371,7843
65372,7800
65372,7802
65373,7800
65374,7132
65374,7800
65375,7816
65376,7132
65377,7851
65379,728
65380,728
65381,736
65382,776
65385,7803
65386,7738
65387,7846
65388,7846
65389,7594
65390,7594
65392,7779
65393,7779
65394,7519
65395,7520
65396,7779
65397,7779
65398,7779
65399,7442
65401,7438
65402,7438
65403,7439
65404,7784
65405,7438
65406,7439
65407,7604
65408,7604
65411,7852
65412,7852
65413,75
65414,715
65415,716
65416,714
65417,716
65418,713
65419,713
65420,715
65421,715
65422,715
65423,715
65424,715
65425,716
65426,713
65427,717
65428,717
65430,7668
65431,718
65432,717
65433,717
65434,7823
65435,7498
65436,7499
65437,725
65437,7498
65438,7498
65440,7853
65442,732
65443,729
65444,760
65446,761
65447,760
65448,7864
65449,7865
65450,7866
65451,7864
65452,7865
65453,7368
65454,7300
65455,7368
65456,7328
65457,7328
65458,7311
65458,7365
65458,7699
65458,7702
65459,7311
65460,7312
65461,7366
65462,7310
65463,7311
65463,7365
65464,7371
65465,7373
65466,7371
65467,7371
65468,7373
65469,7373
65470,7373
65471,7371
65472,7373
65473,7373
65474,772
65474,7201
65474,7514
65474,7697
65474,7702
65475,775
65475,7701
65476,773
65476,7699
65477,772
65478,772
65478,773
65479,773
65480,7203
65481,7204
65482,7203
65483,7204
65484,7204
65485,7204
65486,7200
65487,7200
65488,7202
65489,7201
65490,7365
65491,7361
65492,7361
65492,7665
65493,7362
65494,7517
65495,7517
65496,7338
65497,7517
65498,7517
65499,7338
65500,7517
65501,7338
65502,7517
65503,7517
65504,7517
65505,7340
65506,7866
65507,7358
65508,7359
65509,7195
65510,7195
65511,7193
65512,7194
65513,7358
65514,7359
65515,7360
65516,7867
65517,7867
65518,7358
65519,7358
65520,7515
65521,7515
65522,7512
65523,7512
65523,7869
65524,7511
65524,7868
65525,7511
65525,7514
65526,7511
65526,7869
65527,7513
65527,7870
65528,7513
65529,7513
65530,7513
65531,7513
65532,7516
65533,7515
65534,7514
65535,7514
65536,7514
65537,7871
65538,7514
65539,7514
65540,7514
65541,7692
65542,7692
65543,7524
65544,7172
65545,7411
65546,7411
65547,738
65548,738
65549,717
65550,717
65551,7519
65552,7519
65552,7520
65857,738
65858,7519
65859,7519
65860,7448
65860,7828
65861,7455
65861,7488
65861,7564
65862,7455
65862,7564
65862,7876
65863,7455
65863,7564
65863,7876
65864,7455
65864,7876
65865,7455
65866,7455
65867,7458
65868,7458
65869,7459
65870,7455
65870,7461
65871,7455
65871,7461
65872,7455
65872,7461
65873,7455
65873,7461
65874,7455
65875,7455
65875,7461
65876,7460
65876,7564
65877,7460
65877,7564
65878,7460
65878,7564
65879,7460
65880,7456
65881,7456
65882,7455
65883,7455
65883,7457
65884,7455
65885,7455
65885,7457
65886,7455
65887,7455
65887,7457
65888,7455
65889,7457
65890,7455
65891,7456
65892,7456
65893,7456
65894,7456
65895,7456
65896,7508
65897,7509
65898,7509
65899,7508
65900,7509
65901,7509
65902,7509
65903,7831
65904,7835
65905,7835
65906,7835
65907,7835
65908,7447
65909,7447
65909,7448
65910,7447
65910,7448
65911,7447
65911,7448
65912,7447
65913,7447
65914,7447
65915,7510
65916,7545
65917,7545
65918,7531
65919,7531
65920,7531
65921,7455
65922,7457
65923,7456
65924,7462
65924,7463
65925,7462
65925,7463
65926,7457
65926,7488
65926,7876
65927,7457
65927,7488
65927,7876
65928,7462
65928,7463
65929,7455
65929,7461
65930,7455
65931,7460
65932,7448
65933,7448
65934,7448
65935,7448
65936,7447
65937,7284
65937,7821
65937,7832
65938,7830
65939,7830
65940,7830
65941,7829
65942,7829
65943,7829
65944,7829
65945,7830
65946,7829
65947,7284
65947,7821
65947,7829
65948,7829
65949,7831
65950,7832
65951,7829
65952,7829
65953,7832
65954,7832
65957,7832
65957,7509
65958,7508
65958,7509
65959,7510
65960,7545
65961,7545
65962,7545
65963,7531
65964,7531
65965,7531
65966,7508
65967,7508
65968,7508
65969,7508
65970,7508
65972,7835
65973,7835
65974,7835
65975,7835
65976,7835
65977,7835
65978,7554
65979,7554
65980,7555
65981,7555
65982,7555
65983,7555
65984,7554
65985,7554
65986,7554
65987,7554
65988,7554
65989,7554
65990,7555
65991,7554
65992,7554
65993,7554
65994,7554
65995,7554
65996,7554
65997,7554
65998,7554
65999,7554
66000,7554
66001,7554
66002,7554
66003,7509
66004,7509
66005,7509
66006,7509
66007,7835
66008,7531
66009,7531
66010,7531
66011,7531
66012,7531
66013,7531
66014,7531
66015,7531
66016,7531
66017,7531
66018,7531
66019,7554
66020,7554
66021,7447
66022,7447
66023,7545
66023,7875
66024,7545
66024,7875
66025,7875
66026,7875
66027,7554
66028,7554
66029,7554
66030,7554
66031,7510
66032,7531
66033,7531
66034,7564
66035,7455
66036,7457
66037,7456
66038,7462
66038,7463
66039,7462
66039,7463
66040,7457
66040,7488
66040,7876
66041,7457
66041,7488
66041,7876
66042,7462
66042,7463
66043,7455
66043,7461
66044,7455
66045,7460
66046,7564
66047,7564
66048,7564
66049,7564
66050,7564
66051,7447
66052,7837
66053,7310
66053,7696
66053,7701
66053,7879
66054,7185
66055,7545
66056,7545
66057,7545
66057,7875
66059,7447
66060,7508
66061,7508
66062,7508
66063,7509
66064,7509
66065,7555
66066,7554
66067,7554
66068,7554
66069,7554
66070,7554
66071,7555
66072,7555
66073,7875
66074,7875
66075,7875
66076,7564
66077,7564
66078,7564
66079,7564
66080,7564
66081,7564
66082,7280
66083,7829
66084,7821
66084,7829
66086,7509
66087,7509
66088,7545
66089,7545
66090,7545
66090,7875
66092,7545
66092,7875
66093,7545
66093,7875
66094,7545
66095,7531
66096,7531
66097,7531
66098,7829
66100,7455
66101,7457
66102,7456
66103,7462
66103,7463
66104,7462
66104,7463
66105,7457
66105,7488
66105,7876
66106,7457
66106,7488
66106,7876
66107,7462
66107,7463
66108,7455
66108,7461
66109,7455
66110,7460
66111,7508
66112,7508
66113,7509
66114,7509
66115,7510
66116,7510
66117,7510
66118,7826
66119,7826
66120,7545
66121,7545
66122,7545
66123,7545
66124,7545
66126,7447
66128,7875
66129,7875
66130,7555
66131,7554
66132,7554
66133,7554
66134,7554
66135,7554
66136,7554
66137,7554
66138,7554
66139,7554
66140,7280
66140,7565
66140,7829
66141,7280
66142,7280
66143,7280
66143,7565
66143,7829
66144,7510
66145,7531
66146,7531
66147,7519
66147,7674
66147,7829
66148,7564
66149,7455
66150,7457
66151,7456
66152,7462
66152,7463
66153,7462
66153,7463
66154,7457
66154,7488
66154,7876
66155,7457
66155,7488
66155,7876
66156,7462
66156,7463
66157,7455
66157,7461
66158,7455
66159,7460
66160,7510
66161,7531
66162,7531
66163,7531
66164,7144
66165,7147
66166,7147
66168,7147
66169,7147
66170,7147
66170,7524
66171,788
66172,788
66174,7135
66174,7435
66174,7724
66175,7545
66176,7545
66177,7178
66177,7300
66178,7178
66178,7300
66179,7300
66180,7865
66181,7511
66181,7782
66181,7868
66182,7300
66186,7217
66187,7178
66188,7614
66189,7614
66190,7614
66191,7612
66192,7612
66193,7615
66194,7621
66195,7621
66196,7194
66197,7627
66198,7637
66199,7634
66200,7790
66201,7152
66202,7153
66203,7152
66204,7675
66205,7712
66206,7711
66207,7821
66208,7821
66209,7821
66210,7821
66212,7821
66213,7821
66214,7821
66215,7821
66216,7821
66217,7822
66218,7696
66219,7854
66220,7854
66222,783
66222,7232
66222,7701
66223,7701
66224,7831
66225,7455
66226,7456
66227,7457
66228,7514
66229,7869
66230,7871
66232,7821
66233,7821
66234,7821
66235,7821
66236,7402
66236,7421
66237,7402
66237,7421
66238,7402
66239,7402
66239,7421
66240,7402
66241,7402
66242,7403
66242,7421
66243,7403
66244,7403
66245,7455
66246,7456
66247,7455
66248,7455
66249,7457
66250,7457
66251,7457
66252,7456
66253,7457
66254,7460
66255,7455
66256,7455
66257,7455
66258,7457
66259,7457
66260,7457
66261,7457
66262,7456
66263,7456
66264,7460
66265,7455
66266,7455
66267,7455
66268,7457
66269,7457
66270,7457
66271,7457
66272,7456
66273,7456
66274,7460
66275,7174
66276,7421
66280,7850
66281,7849
66283,7849
66284,7364
66286,7829
66287,7829
66287,7830
66288,7829
66289,7829
66290,7829
66291,7829
66292,7893
66293,7893
66294,7893
66295,7893
66296,7806
66296,7808
66296,7810
66296,7812
66297,7806
66298,7806
66299,7806
66300,7805
66300,7808
66301,7805
66302,7806
66303,7805
66304,7805
66305,7808
66306,7808
66307,7809
66307,7810
66308,7809
66308,7810
66309,7890
66310,7891
66311,7889
66311,7890
66312,7891
66313,7898
66313,7899
66314,7898
66314,7899
66315,7898
66315,7899
66316,7896
66317,7896
66318,7896
66319,7896
66320,7894
66321,7894
66322,7894
66323,7894
66324,7849
66324,7850
66325,7849
66326,7850
66327,7895
66328,7895
66330,7895
66331,7895
66332,7895
66333,7894
66334,7894
66335,7894
66336,7895
66337,7893
66338,7892
66339,7894
66340,7892
66340,7894
66341,7895
66342,7893
66343,7893
66344,7891
66345,7891
66346,7891
66347,7897
66348,7897
66349,7897
66350,7901
66351,7901
66352,7901
66353,7900
66353,7901
66354,7901
66355,7901
66356,7901
66357,7900
66358,7900
66359,7900
66360,7900
66361,7900
66362,7898
66363,7898
66363,7899
66364,7899
66364,7900
66365,7900
66366,7900
66367,7829
66377,7829
66378,7829
66379,7829
66380,7829
66381,7829
66382,7829
66383,7829
66384,7829
66385,7885
66386,7886
66387,7885
66388,7887
66389,7887
66390,7888
66391,7885
66392,7885
66393,7886
66394,7902
66394,7903
66395,7904
66396,7904
66397,7300
66398,7300
66399,7901
66400,7901
66401,7901
66402,7905
66403,7905
66406,7905
66407,7905
66408,7890
66409,7889
66410,7891
66412,7748
66413,7748
66414,7748
66415,7748
66416,7748
