ReqID, FunctionalObjectID
6145, 899
6146, 899
6147, 8100
6148, 8100
6168, 8337
6169, 8161
6205, 8137
6213, 8137
6214, 8137
6219, 8137
6253, 8181
6254, 8181
6255, 8188
6256, 8182
6257, 822
6258, 8181
6259, 822
6337, 8140
6338, 895
6339, 8142
6340, 8142
6341, 8142
6342, 8142
6343, 8142
6344, 8142
6345, 8142
6346, 8142
6386, 873
6401, 8147
6402, 8147
6403, 8433
6404, 8434
6405, 8147
6406, 8148
6407, 8147
6408, 8147
6476, 8148
6477, 8148
6479, 8149
6480, 8148
6481, 8121
6482, 8148
6483, 8121
6484, 8121
6485, 8148
6486, 8121
6487, 8121
6523, 8425
6524, 8425
6525, 8177
6526, 8177
6527, 8426
6528, 8426
6603, 8219
6604, 8220
6605, 8220
6606, 8219
6607, 8220
6657, 84
6658, 84
6659, 84
6660, 84
6661, 84
6662, 84
6663, 84
6664, 84
6665, 84
6666, 84
6667, 84
6668, 84
6669, 84
6670, 84
6671, 84
6680, 839
6683, 839
6687, 8405
6688, 8405
6705, 8195
6707, 8195
6708, 8195
6709, 8195
6710, 8195
6711, 8195
6712, 8195
6713, 8405
6714, 8405
6715, 8404
6726, 859
6727, 859
6728, 859
6757, 839
6758, 839
6796, 832
6829, 8167
6835, 8442
6845, 839
6846, 839
6856, 877
6857, 877
6858, 877
6859, 877
6998, 8195
6999, 8195
61033, 859
61039, 8405
61040, 8405
61041, 8405
61083, 8299
61084, 8299
61085, 8299
61086, 8299
61087, 8299
61088, 8299
61089, 8299
61090, 8299
61091, 8299
61092, 8299
61093, 8299
61094, 8299
61095, 8299
61100, 8301
61101, 8301
61102, 8301
61103, 8301
61111, 8304
61112, 8304
61113, 8304
61114, 8304
61115, 8305
61116, 8305
61117, 8305
61118, 8305
61119, 8305
61120, 8305
61121, 8305
61122, 8305
61123, 8305
61124, 8305
61125, 8305
61126, 8305
61127, 8305
61128, 8305
61131, 8307
61132, 8307
61133, 8307
61134, 8307
61135, 8308
61136, 8308
61137, 8308
61138, 8308
61139, 8308
61140, 8308
61141, 8310
61142, 8310
61143, 8312
61144, 8312
61145, 8312
61146, 8314
61147, 8314
61148, 8314
61149, 8314
61150, 8314
61151, 8314
61152, 8314
61153, 8314
61154, 8314
61155, 8315
61156, 8315
61157, 8315
61158, 8315
61159, 8315
61160, 8316
61161, 8316
61162, 8316
61163, 8316
61166, 8318
61167, 8318
61168, 8318
61169, 8318
61170, 8318
61180, 8320
61181, 8320
61182, 8320
61183, 8320
61184, 8321
61185, 8321
61186, 8321
61187, 8321
61188, 8321
61189, 8322
61190, 8322
61191, 8322
61192, 8322
61200, 8325
61201, 8325
61202, 8325
61203, 8326
61204, 8326
61206, 8327
61207, 8327
61208, 8327
61209, 8328
61210, 8328
61211, 8329
61212, 8329
61213, 8329
61214, 8329
61215, 8330
61216, 8330
61217, 8330
61218, 8330
61219, 8330
61220, 8330
61221, 8332
61222, 8332
61223, 8332
61224, 8333
61225, 8333
61226, 8333
61227, 8334
61228, 8334
61229, 8334
61230, 8335
61231, 8335
61232, 8336
61233, 8336
61234, 8336
61235, 8336
61236, 8336
61237, 8336
61238, 8336
61239, 8336
61240, 8336
61241, 8336
61242, 8336
61243, 8336
61244, 8336
61245, 8336
61246, 8337
61247, 8337
61248, 8337
61249, 8337
61250, 8337
61251, 8337
61252, 8338
61253, 8338
61254, 8338
61255, 8338
61258, 8340
61259, 8340
61260, 8340
61261, 8340
61263, 8341
61264, 8342
61265, 8342
61266, 8342
61267, 8342
61271, 8344
61272, 8344
61273, 8344
61274, 8344
61275, 8344
61276, 8344
61277, 8344
61278, 8344
61279, 8344
61280, 8345
61281, 8345
61282, 8345
61283, 8345
61284, 8346
61285, 8346
61286, 8346
61287, 8346
61288, 8346
61289, 8347
61290, 8347
61291, 8347
61292, 8348
61293, 8348
61294, 8348
61295, 8348
61296, 8350
61297, 8350
61298, 8350
61303, 8354
61304, 8354
61305, 8354
61306, 8354
61307, 8354
61308, 8354
61309, 8354
61310, 8356
61311, 8356
61312, 8356
61313, 8356
61314, 8358
61315, 8358
61316, 8358
61317, 8358
61318, 8358
61330, 843
61331, 8364
61332, 8364
61333, 8364
61334, 8364
61335, 8364
61341, 8368
61343, 8372
61344, 8372
61345, 8372
61346, 8372
61347, 8373
61348, 8373
61349, 8373
61350, 8373
61351, 8374
61352, 8374
61353, 8374
61354, 8374
61355, 8374
61356, 8374
61357, 8374
61358, 8374
61359, 8374
61360, 8376
61361, 8376
61362, 8376
61363, 8376
61364, 8376
61365, 8376
61366, 8376
61367, 8377
61368, 8377
61369, 8377
61370, 8377
61371, 8377
61372, 8377
61373, 8377
61374, 8377
61375, 8378
61376, 8378
61377, 8378
61378, 8378
61379, 8378
61380, 8378
61381, 8378
61382, 8379
61383, 8379
61384, 8379
61386, 8379
61387, 8379
61390, 8380
61391, 8380
61392, 8380
61393, 8380
61394, 8380
61395, 8380
61397, 8381
61398, 8381
61399, 8381
61400, 8381
61401, 8381
61402, 8381
61403, 8381
61408, 8383
61409, 8383
61410, 8383
61411, 8383
61412, 8383
61413, 8383
61414, 8384
61416, 8384
61417, 8384
61418, 8384
61419, 8384
61420, 8384
61422, 8384
61423, 83
61424, 83
61425, 83
61426, 83
61427, 83
61428, 83
61429, 83
61430, 83
61431, 85
61432, 85
61433, 85
61434, 85
61435, 85
61436, 85
61437, 85
61438, 85
61439, 85
61441, 89
61442, 89
61443, 89
61444, 89
61445, 810
61446, 810
61447, 810
61448, 811
61449, 811
61450, 811
61451, 811
61452, 812
61453, 812
61454, 812
61455, 812
61456, 813
61457, 813
61458, 813
61459, 813
61460, 813
61461, 813
61462, 813
61463, 813
61464, 814
61465, 814
61466, 814
61467, 814
61468, 814
61469, 814
61471, 815
61472, 815
61473, 815
61474, 815
61475, 815
61476, 815
61477, 815
61478, 815
61479, 815
61480, 815
61481, 815
61482, 815
61483, 815
61484, 816
61485, 816
61486, 816
61488, 816
61489, 816
61490, 816
61491, 817
61492, 817
61493, 817
61494, 817
61495, 817
61496, 818
61497, 818
61499, 818
61500, 818
61501, 819
61502, 819
61503, 819
61504, 819
61505, 819
61506, 820
61507, 820
61508, 820
61509, 820
61510, 820
61511, 820
61512, 820
61513, 820
61514, 820
61515, 820
61516, 821
61517, 821
61518, 821
61519, 821
61520, 821
61521, 821
61522, 821
61523, 821
61524, 822
61525, 822
61526, 822
61527, 822
61528, 822
61529, 823
61530, 823
61531, 823
61532, 823
61533, 823
61534, 824
61535, 824
61536, 824
61537, 824
61538, 824
61539, 825
61540, 825
61541, 825
61542, 825
61543, 825
61544, 825
61545, 825
61546, 830
61547, 830
61548, 830
61549, 830
61550, 831
61551, 831
61553, 8104
61554, 831
61557, 831
61558, 8172
61559, 832
61560, 832
61561, 832
61562, 8172
61563, 832
61564, 833
61565, 833
61566, 833
61567, 833
61568, 833
61569, 833
61570, 833
61571, 833
61572, 833
61573, 833
61574, 833
61575, 834
61576, 834
61577, 834
61578, 834
61579, 834
61580, 834
61581, 834
61582, 834
61583, 835
61584, 835
61585, 835
61586, 835
61587, 835
61588, 835
61589, 835
61590, 835
61591, 835
61592, 836
61593, 836
61595, 836
61596, 836
61597, 838
61598, 838
61599, 838
61600, 838
61601, 838
61602, 848
61603, 848
61604, 848
61605, 848
61606, 848
61607, 848
61608, 848
61609, 848
61610, 848
61611, 849
61612, 849
61613, 849
61614, 849
61615, 849
61616, 851
61617, 851
61618, 851
61619, 852
61620, 852
61621, 852
61622, 852
61623, 852
61624, 852
61625, 853
61626, 853
61627, 853
61628, 853
61629, 853
61630, 853
61631, 855
61632, 855
61633, 855
61634, 855
61635, 855
61636, 855
61637, 855
61638, 855
61639, 855
61640, 855
61641, 858
61642, 858
61643, 858
61644, 858
61645, 858
61646, 858
61647, 858
61648, 858
61649, 858
61650, 858
61651, 858
61652, 858
61653, 860
61654, 860
61655, 860
61656, 860
61657, 860
61658, 860
61659, 860
61660, 860
61661, 865
61662, 865
61663, 865
61664, 865
61665, 865
61666, 865
61667, 865
61668, 865
61669, 865
61670, 869
61671, 869
61672, 869
61673, 869
61674, 869
61675, 869
61676, 872
61677, 872
61678, 872
61679, 872
61680, 872
61681, 872
61682, 873
61683, 873
61684, 873
61685, 873
61686, 873
61687, 873
61688, 873
61689, 873
61690, 875
61691, 875
61692, 875
61693, 875
61694, 876
61695, 876
61696, 876
61697, 876
61698, 876
61699, 877
61700, 877
61703, 877
61705, 8441
61706, 8441
61707, 8441
61708, 8441
61709, 880
61710, 880
61711, 8441
61712, 880
61713, 8441
61714, 8441
61717, 895
61721, 883
61722, 883
61723, 883
61725, 884
61726, 884
61727, 884
61728, 884
61729, 884
61730, 884
61731, 885
61732, 885
61733, 885
61735, 885
61736, 895
61737, 895
61738, 895
61739, 895
61740, 895
61741, 895
61742, 895
61743, 895
61744, 895
61745, 896
61746, 896
61749, 896
61750, 896
61751, 896
61752, 896
61753, 896
61755, 896
61756, 896
61757, 896
61758, 896
61759, 896
61760, 896
61761, 896
61762, 897
61764, 897
61765, 897
61766, 897
61767, 8100
61768, 8100
61769, 8100
61771, 8100
61772, 8100
61773, 8100
61774, 8101
61775, 8101
61776, 8101
61777, 8102
61778, 8102
61779, 8102
61780, 8105
61781, 8105
61782, 8105
61783, 8105
61784, 8105
61785, 8105
61786, 8105
61787, 8105
61788, 8108
61789, 8108
61790, 8108
61791, 8108
61792, 8108
61793, 8108
61794, 8110
61795, 8110
61796, 8110
61797, 8110
61798, 8111
61799, 8111
61800, 8112
61801, 8112
61802, 8112
61803, 8112
61807, 8115
61808, 8115
61809, 8115
61810, 8115
61811, 8115
61812, 8115
61814, 8116
61815, 8116
61816, 8116
61817, 8116
61818, 8116
61820, 8116
61821, 8116
61822, 8116
61823, 8116
61824, 8116
61825, 8116
61826, 8116
61827, 8116
61828, 8116
61829, 8116
61830, 8116
61831, 8117
61832, 8117
61833, 8117
61834, 8117
61835, 8117
61836, 8117
61837, 8118
61838, 8118
61839, 8118
61840, 8439
61841, 8119
61842, 8439
61843, 8119
61845, 8439
61846, 8439
61847, 8439
61848, 8439
61849, 8439
61850, 8119
61851, 8120
61852, 8120
61854, 8121
61855, 8121
61856, 8121
61857, 8121
61858, 8121
61859, 8121
61860, 8121
61861, 8121
61863, 8121
61866, 8124
61867, 8124
61869, 8126
61870, 8126
61871, 8126
61872, 8126
61873, 8127
61874, 8127
61875, 8127
61876, 8127
61877, 8129
61878, 8129
61879, 8129
61903, 8137
61904, 8137
61905, 8137
61906, 8137
61907, 8137
61908, 8137
61909, 8137
61910, 8137
61911, 8137
61912, 8138
61913, 8138
61914, 8138
61916, 8138
61917, 8138
61918, 8138
61919, 8138
61920, 8138
61921, 8138
61922, 8138
61923, 8140
61924, 8140
61925, 8140
61926, 8140
61927, 8140
61928, 8140
61929, 8140
61930, 8140
61931, 8140
61932, 8140
61933, 8140
61934, 8140
61935, 8141
61936, 8141
61937, 8141
61938, 8141
61939, 8141
61940, 8141
61942, 8141
61943, 8141
61944, 8141
61945, 8141
61946, 8141
61947, 8141
61948, 8141
61949, 8141
61950, 8141
61951, 8141
61952, 8141
61953, 8141
61954, 8141
61955, 8142
61956, 8142
61957, 8142
61958, 8142
61959, 8143
61960, 8143
61961, 8143
61962, 8143
61963, 8144
61964, 8144
61965, 8144
61966, 8144
61967, 8145
61968, 8145
61969, 8145
61970, 8145
61971, 8145
61972, 8146
61973, 8146
61974, 8146
61975, 8146
61976, 8146
61977, 8147
61978, 8147
61980, 8147
61981, 8148
61982, 8148
61983, 8148
61984, 8148
61985, 8148
61986, 8149
61987, 8149
61988, 8149
61989, 8149
61991, 8150
61992, 8150
61993, 8150
61994, 8150
61995, 8150
61996, 8150
61997, 8150
61998, 8150
61999, 8151
62000, 8151
62001, 8151
62002, 8151
62003, 8151
62004, 8151
62005, 8152
62006, 8152
62007, 8152
62008, 8152
62009, 8152
62010, 8152
62011, 8152
62012, 8152
62013, 8153
62014, 8153
62015, 8143
62017, 8153
62018, 8153
62019, 8153
62020, 8153
62021, 8153
62022, 8153
62023, 8153
62024, 8153
62025, 8154
62026, 8154
62027, 8154
62028, 8154
62029, 8154
62031, 8154
62032, 8154
62033, 8154
62034, 8154
62035, 8155
62036, 8155
62037, 8155
62038, 8155
62039, 8155
62040, 8155
62041, 8155
62042, 8155
62043, 8156
62044, 8156
62045, 8156
62046, 8156
62047, 8156
62048, 8156
62049, 8156
62050, 8156
62051, 8156
62052, 8156
62054, 8157
62058, 8159
62059, 8159
62060, 8159
62061, 8159
62062, 8160
62063, 8160
62064, 8160
62065, 8160
62067, 8160
62068, 8162
62069, 8162
62070, 8162
62071, 8162
62072, 8164
62073, 8164
62074, 8164
62075, 8164
62076, 8164
62077, 8165
62078, 8165
62079, 8165
62080, 8165
62081, 8165
62082, 8165
62083, 8165
62084, 8166
62085, 8166
62086, 8166
62087, 8166
62090, 8173
62091, 8173
62092, 8173
62093, 8173
62094, 8173
62095, 8173
62096, 8173
62097, 8173
62098, 8173
62099, 8173
62100, 8173
62101, 8174
62102, 8174
62103, 8174
62104, 8174
62105, 8174
62106, 8174
62107, 8174
62108, 8174
62109, 8174
62110, 8175
62111, 8175
62112, 8175
62113, 8175
62114, 8175
62115, 8175
62116, 8175
62118, 8176
62119, 8176
62120, 8176
62121, 8176
62122, 8176
62123, 8176
62124, 8176
62125, 8176
62126, 8176
62127, 8176
62128, 8176
62129, 8176
62130, 8177
62131, 8177
62132, 8177
62133, 8177
62134, 8177
62135, 8177
62136, 8177
62137, 8177
62138, 8177
62139, 8177
62140, 8177
62141, 8177
62142, 8177
62143, 8177
62145, 8177
62146, 8177
62147, 8183
62148, 8183
62149, 8183
62150, 8183
62151, 8183
62152, 8183
62153, 8184
62154, 8184
62155, 8184
62156, 8184
62159, 8185
62160, 8185
62161, 8185
62162, 8185
62163, 8185
62164, 8186
62165, 8186
62166, 8186
62167, 8186
62168, 8186
62170, 8186
62171, 8186
62172, 8186
62173, 8186
62174, 8186
62175, 8187
62177, 8187
62178, 8187
62179, 8187
62180, 8187
62181, 8187
62182, 8187
62183, 8187
62184, 8187
62185, 8189
62186, 8189
62187, 8189
62188, 8189
62189, 8194
62190, 8194
62191, 8194
62192, 8194
62193, 8194
62194, 8194
62195, 8194
62196, 8195
62197, 8195
62198, 8195
62199, 8195
62200, 8195
62201, 8195
62202, 8197
62203, 8197
62204, 8145
62205, 8197
62206, 8197
62207, 8197
62208, 8197
62209, 8197
62213, 8199
62214, 8199
62215, 8199
62216, 8199
62217, 8199
62218, 8199
62219, 8200
62220, 8200
62221, 8187
62222, 8200
62223, 8200
62224, 8200
62225, 8200
62226, 8200
62227, 8200
62228, 8200
62229, 8200
62230, 8201
62231, 8201
62232, 8201
62233, 8201
62234, 8201
62235, 8201
62236, 8201
62237, 8201
62238, 8201
62239, 8201
62240, 8201
62241, 8201
62242, 8201
62243, 8203
62244, 8203
62245, 8203
62246, 8203
62247, 8203
62248, 8212
62249, 8212
62250, 8212
62251, 8212
62252, 8212
62253, 8212
62254, 8212
62255, 8212
62256, 8212
62257, 8212
62258, 8212
62260, 8212
62261, 8213
62262, 8213
62263, 8213
62264, 8213
62265, 8214
62266, 8214
62267, 8214
62268, 8214
62269, 8214
62270, 8214
62271, 8214
62272, 8214
62273, 8214
62274, 8214
62275, 8214
62276, 8215
62277, 8215
62278, 8215
62279, 8215
62280, 8215
62281, 8215
62282, 8216
62283, 8216
62284, 8216
62285, 8216
62286, 8216
62287, 8217
62288, 8217
62289, 8217
62290, 8217
62291, 8217
62292, 8217
62293, 8217
62294, 8218
62295, 8218
62296, 8218
62297, 8218
62298, 8218
62299, 8218
62300, 8219
62301, 8219
62302, 8219
62306, 8219
62307, 8220
62308, 8220
62309, 8220
62310, 8220
62312, 8221
62313, 8221
62314, 8221
62315, 8221
62316, 8221
62317, 8221
62318, 8221
62319, 8221
62320, 8221
62321, 8221
62322, 8221
62323, 8221
62324, 8222
62326, 8222
62327, 8222
62328, 8222
62329, 8223
62330, 8223
62331, 8223
62332, 8223
62333, 8224
62334, 8224
62335, 8224
62336, 8224
62337, 8224
62338, 8224
62339, 8225
62340, 8225
62341, 8225
62342, 8225
62343, 8226
62344, 8226
62345, 8226
62346, 8226
62347, 8233
62348, 8233
62349, 8233
62350, 8233
62351, 8233
62352, 8233
62353, 8233
62354, 8233
62355, 8274
62356, 8274
62357, 8274
62358, 8274
62359, 8274
62360, 8275
62361, 8275
62362, 8275
62364, 8275
62365, 8275
62366, 8275
62367, 8275
62369, 8275
62370, 8275
62371, 8275
62372, 8275
62373, 8275
62374, 8275
62376, 8276
62377, 8276
62378, 8276
62379, 8276
62380, 8276
62381, 8276
62382, 8276
62383, 8276
62385, 8296
62386, 8296
62387, 8296
62388, 8296
62389, 8297
62390, 8297
62391, 8297
62392, 8297
62393, 8297
62394, 8297
62395, 8298
62396, 8298
62397, 8298
62398, 8298
62399, 8298
62400, 8298
62401, 8298
62402, 8298
62403, 8298
62404, 8298
62405, 8298
62406, 8298
62409, 880
62413, 880
62414, 880
62415, 880
62416, 880
62417, 880
62418, 880
62419, 880
62420, 8387
62421, 8387
62422, 8387
62423, 8387
62428, 8389
62429, 8389
62430, 8389
62432, 8389
62433, 8389
62434, 8389
62435, 8389
62436, 8390
62437, 8390
62438, 8390
62439, 8390
62440, 8390
62441, 8390
62442, 8390
62443, 8390
62444, 8390
62445, 8390
62446, 8390
62447, 8391
62448, 8391
62449, 8391
62450, 8391
62451, 8391
62452, 8391
62453, 8391
62454, 8391
62455, 8391
62456, 8392
62458, 8392
62459, 8392
62460, 8392
62461, 8393
62462, 8393
62463, 8393
62464, 8393
62465, 8394
62466, 8394
62467, 8394
62468, 8394
62469, 8394
62470, 8394
62471, 8394
62472, 8394
62475, 8396
62476, 8396
62477, 8396
62478, 8396
62479, 8396
62480, 8396
62499, 8400
62500, 8400
62501, 8400
62503, 8400
62504, 8400
62505, 8400
62507, 8400
62508, 8400
62509, 8400
62510, 8400
62511, 8401
62513, 8401
62514, 8401
62515, 8401
62516, 8401
62533, 8404
62534, 8404
62535, 8404
62536, 8404
62537, 8404
62538, 8404
62539, 8405
62540, 8405
62541, 8405
62542, 8405
62543, 8406
62544, 8406
62545, 8404
62546, 8404
62563, 8411
62564, 8411
62565, 8411
62566, 8411
62567, 8412
62568, 8412
62569, 8412
65001, 8188
65002, 8181
65003, 8182
65004, 8182
65005, 8182
65006, 8182
65007, 8174
65008, 8190
65011, 871
65012, 871
65013, 857
65014, 857
65015, 857
65016, 857
65017, 81
65018, 81
65020, 866
65021, 876
65022, 813
65023, 822
65024, 826
65025, 827
65026, 827
65028, 888
65029, 84
65030, 8418
65032, 8418
65035, 8418
65036, 8418
65037, 8418
65039, 840
65040, 840
65041, 841
65042, 841
65043, 872
65044, 8417
65046, 8374
65048, 8271
65049, 859
65050, 859
65051, 859
65053, 859
65054, 859
65055, 859
65056, 859
65057, 859
65058, 8161
65059, 8161
65060, 8116
65061, 8176
65062, 8426
65063, 8426
65064, 8426
65065, 8426
65066, 8425
65067, 8425
65068, 8425
65071, 8161
65072, 8161
65073, 8161
65075, 8161
65077, 884
65078, 8111
65079, 8416
65080, 8421
65082, 8421
65083, 8180
65087, 8172
65088, 8172
65090, 8179
65094, 8273
65096, 882
65098, 873
65099, 890
65100, 890
65103, 836
65104, 8211
65105, 8419
65106, 850
65107, 850
65108, 867
65109, 8126
65110, 8126
65111, 869
65112, 8141
65113, 8141
65115, 8420
65116, 8420
65117, 873
65119, 8137
65120, 877
65122, 865
65123, 865
65125, 8145
65126, 865
65127, 8117
65128, 813
65130, 8176
65131, 895
65132, 8233
65133, 895
65134, 895
65135, 895
65136, 8275
65137, 8275
65138, 8116
65140, 8176
65141, 8142
65142, 8142
65144, 8116
65145, 866
65146, 825
65147, 825
65148, 8181
65149, 8104
65150, 890
65151, 8147
65154, 8148
65155, 8433
65156, 8418
65157, 813
65158, 8383
65159, 8433
65160, 8433
65161, 8434
65162, 8434
65163, 8432
65164, 8432
65165, 8432
65166, 8432
65167, 839
65169, 8146
65170, 8194
65172, 8192
65173, 8199
65174, 8191
65175, 8191
65176, 8191
65177, 85
65178, 8188
65179, 8188
65180, 88
65182, 86
65183, 86
65184, 860
65185, 890
65186, 860
65187, 8109
65188, 8109
65189, 8191
65191, 85
65192, 85
65193, 85
65194, 8196
65195, 8194
65196, 86
65197, 8195
65198, 89
65199, 88
65200, 895
65201, 8177
65202, 85
65204, 8285
65205, 88
65206, 88
65207, 88
65209, 88
65210, 88
65212, 8194
65213, 86
65214, 86
65215, 86
65216, 8227
65217, 87
65218, 8227
65219, 87
65220, 87
65221, 87
65222, 85
65223, 8192
65224, 85
65225, 8194
65226, 8145
65227, 8149
65228, 8149
65229, 8191
65230, 8187
65231, 8226
65232, 8195
65233, 8194
65234, 8192
65235, 8192
65236, 8347
65237, 8347
65238, 8145
65239, 8187
65240, 8185
65241, 8188
65242, 8188
65243, 8188
65244, 8188
65245, 8164
65246, 8164
65247, 8390
65248, 8390
65249, 8165
65250, 8165
65251, 89
65252, 89
65253, 89
65254, 8155
65255, 8391
65256, 8117
65257, 8117
65258, 8117
65259, 8160
65260, 8116
65261, 890
65262, 826
65263, 826
65264, 826
65265, 826
65266, 828
65267, 8167
65268, 8167
65269, 8167
65270, 8167
65271, 866
65272, 866
65273, 866
65274, 866
65275, 866
65276, 8167
65277, 8167
65278, 8167
65279, 839
65280, 8126
65281, 8126
65282, 8159
65283, 8159
65284, 8157
65285, 8157
65286, 811
65287, 811
65288, 811
65289, 811
65290, 8197
65291, 880
65292, 880
65293, 880
65294, 880
65295, 880
65296, 880
65297, 880
65298, 885
65299, 8269
65300, 823
65301, 823
65302, 8422
65303, 8422
65304, 8422
65305, 8422
65306, 8422
65307, 8422
65308, 8422
65309, 8423
65310, 8423
65311, 8424
65312, 8424
65313, 818
65314, 8196
65315, 8196
65316, 8196
65317, 895
65318, 8440
65319, 8196
65320, 8196
65321, 8440
65322, 8440
65324, 878
65325, 878
65326, 829
65327, 8128
65328, 8123
65329, 8123
65330, 8128
65331, 8103
65332, 8103
65333, 8103
65334, 8101
65335, 8101
65336, 8101
65337, 8172
65338, 8194
65339, 8194
65340, 8194
65341, 8194
65342, 898
65343, 899
65344, 8100
65345, 8192
65346, 8192
65347, 8268
65348, 8192
65349, 884
65350, 885
65351, 87
65352, 87
65353, 880
65355, 8227
65356, 8227
65357, 8227
65358, 86
65359, 86
65360, 86
65361, 88
65362, 88
65363, 88
65364, 880
65365, 8273
65366, 826
65367, 826
65368, 826
65369, 827
65370, 828
65371, 823
65372, 8332
65373, 8332
65374, 8191
65375, 8200
65376, 8145
65377, 8440
65379, 860
65380, 887
65381, 887
65382, 887
65385, 8187
65386, 8185
65387, 8195
65388, 8195
65389, 818
65390, 818
65392, 8211
65393, 8211
65394, 887
65395, 887
65396, 8419
65397, 8419
65398, 8419
65399, 851
65401, 850
65402, 850
65403, 850
65404, 850
65405, 867
65406, 849
65407, 8420
65408, 8420
65411, 815
65412, 815
65413, 815
65414, 813
65415, 882
65416, 813
65417, 813
65418, 829
65419, 879
65420, 879
65421, 822
65422, 887
65423, 823
65424, 876
65425, 8126
65426, 895
65427, 884
65428, 8115
65430, 8116
65431, 8441
65432, 8441
65433, 8441
65434, 8221
65435, 821
65436, 812
65437, 816
65438, 894
65440, 822
65442, 873
65443, 873
65444, 8150
65446, 8121
65447, 8225
65448, 8404
65449, 8404
65450, 8404
65451, 8405
65452, 8405
65453, 8411
65454, 839
65455, 839
65456, 849
65457, 8427
65458, 82
65459, 82
65460, 84
65461, 84
65462, 840
65463, 840
65464, 874
65465, 874
65466, 874
65467, 845
65468, 845
65469, 845
65470, 863
65471, 863
65472, 862
65473, 862
65474, 831
65475, 831
65476, 832
65477, 8428
65478, 8428
65479, 8428
65480, 8107
65481, 8107
65482, 8107
65483, 8107
65484, 8107
65485, 8106
65486, 8106
65487, 8108
65488, 8108
65489, 8108
65490, 841
65491, 828
65492, 826
65493, 826
65494, 870
65495, 870
65496, 870
65497, 870
65498, 870
65499, 842
65500, 842
65501, 842
65502, 842
65503, 846
65504, 8197
65505, 8126
65506, 81
65507, 857
65508, 857
65509, 843
65510, 843
65511, 871
65512, 871
65513, 81
65514, 81
65515, 81
65516, 8404
65517, 8404
65518, 860
65519, 871
65520, 8119
65521, 8119
65522, 8119
65523, 8119
65524, 8119
65525, 8119
65526, 8119
65527, 8119
65528, 8119
65529, 8119
65530, 8119
65531, 8119
65532, 8119
65533, 8119
65534, 8119
65535, 8119
65536, 8437
65537, 8437
65538, 8438
65539, 8438
65540, 8438
65541, 8431
65542, 8431
65543, 860
65544, 8112
65545, 8167
65546, 8167
65547, 8268
65548, 8268
65549, 8116
65550, 8115
65551, 822
65552, 883
65857, 898
65858, 823
65859, 8174
65860, 8279
65861, 8279
65862, 8279
65863, 8279
65864, 8279
65865, 8279
65866, 8279
65867, 8279
65868, 8279
65869, 8279
65870, 8278
65871, 8278
65872, 8278
65873, 8278
65874, 8278
65875, 8278
65876, 8280
65877, 8280
65878, 8280
65879, 8280
65880, 8280
65881, 8280
65882, 8277
65883, 8277
65884, 8277
65885, 8277
65886, 8277
65887, 8277
65888, 8277
65889, 8277
65890, 8277
65891, 8281
65892, 8281
65893, 8281
65894, 8281
65895, 8281
65896, 8202
65897, 8202
65898, 8202
65899, 8202
65900, 8202
65901, 8202
65902, 8202
65903, 8223
65904, 8293
65905, 8293
65906, 8293
65907, 8293
65908, 8207
65909, 8207
65910, 8207
65911, 8207
65912, 8207
65913, 8207
65914, 8207
65915, 8257
65916, 8257
65917, 8257
65918, 8257
65919, 8257
65920, 8257
65921, 8229
65922, 8229
65923, 8229
65924, 8229
65925, 8229
65926, 8229
65927, 8229
65928, 8229
65929, 8229
65930, 8229
65931, 8229
65932, 8206
65933, 8206
65934, 8206
65935, 8206
65936, 8206
65937, 8235
65938, 8235
65939, 8235
65940, 8235
65941, 8235
65942, 8235
65943, 8235
65944, 8235
65945, 8235
65946, 8234
65947, 8234
65948, 8234
65949, 8234
65950, 8234
65951, 8234
65952, 8234
65953, 8234
65954, 8234
65957, 8236
65958, 8236
65959, 8236
65960, 8236
65961, 8236
65962, 8236
65963, 8236
65964, 8236
65965, 8236
65966, 8211
65967, 8211
65968, 8211
65969, 8211
65970, 8211
65972, 8291
65973, 8291
65974, 8291
65975, 8291
65976, 8291
65977, 8291
65978, 8291
65979, 8291
65980, 8291
65981, 8291
65982, 8291
65983, 8291
65984, 8291
65985, 8291
65986, 8291
65987, 8291
65988, 8291
65989, 8291
65990, 8291
65991, 8291
65992, 8291
65993, 8291
65994, 8291
65995, 8294
65996, 8294
65997, 8294
65998, 8294
65999, 8291
66000, 8291
66001, 8291
66002, 8291
66003, 8212
66004, 8212
66005, 8212
66006, 8212
66007, 8224
66008, 8252
66009, 8252
66010, 8252
66011, 8252
66012, 8252
66013, 8252
66014, 8252
66015, 8252
66016, 8252
66017, 8252
66018, 8252
66019, 8162
66020, 8162
66021, 8210
66022, 8210
66023, 8341
66024, 8341
66025, 8341
66026, 8341
66027, 8295
66028, 8295
66029, 8295
66030, 8295
66031, 8260
66032, 8260
66033, 8260
66034, 8231
66035, 8231
66036, 8231
66037, 8231
66038, 8231
66039, 8231
66040, 8231
66041, 8231
66042, 8231
66043, 8231
66044, 8231
66045, 8231
66046, 8288
66047, 8288
66048, 8288
66049, 8288
66050, 8288
66051, 8267
66052, 821
66053, 833
66054, 860
66055, 8430
66056, 8430
66057, 8430
66059, 8208
66060, 8203
66061, 8203
66062, 8203
66063, 8203
66064, 8203
66065, 8294
66066, 8294
66067, 8294
66068, 8294
66069, 8294
66070, 8294
66071, 8294
66072, 8294
66073, 8133
66074, 8133
66075, 8133
66076, 8289
66077, 8289
66078, 8289
66079, 8289
66080, 8289
66081, 8289
66082, 8180
66083, 8180
66084, 8180
66086, 8258
66087, 8258
66088, 8258
66089, 8258
66090, 8258
66092, 8258
66093, 8259
66094, 8258
66095, 8258
66096, 8258
66097, 8258
66098, 822
66100, 8232
66101, 8232
66102, 8232
66103, 8232
66104, 8232
66105, 8232
66106, 8232
66107, 8232
66108, 8232
66109, 8232
66110, 8232
66111, 8253
66112, 8253
66113, 8253
66114, 8253
66115, 8253
66116, 8253
66117, 8253
66118, 8253
66119, 8253
66120, 8270
66121, 8270
66122, 8270
66123, 8270
66124, 8270
66126, 8209
66128, 8406
66129, 8406
66130, 8292
66131, 8292
66132, 8292
66133, 8292
66134, 8292
66135, 8292
66136, 8292
66137, 8292
66138, 8292
66139, 8292
66140, 8179
66141, 8179
66142, 8179
66143, 8179
66144, 8259
66145, 8259
66146, 8259
66147, 8174
66148, 8230
66149, 8230
66150, 8230
66151, 8230
66152, 8230
66153, 8230
66154, 8230
66155, 8230
66156, 8230
66157, 8230
66158, 8230
66159, 8230
66160, 8265
66161, 8265
66162, 8265
66163, 8265
66164, 873
66165, 860
66166, 8368
66168, 8368
66169, 890
66170, 890
66171, 8137
66172, 8137
66174, 8145
66175, 8406
66176, 8406
66177, 839
66178, 839
66179, 8404
66180, 8405
66181, 8119
66182, 8404
66186, 8149
66187, 8433
66188, 8435
66189, 8435
66190, 8435
66191, 8435
66192, 8435
66193, 8435
66194, 8418
66195, 8418
66196, 858
66197, 8305
66198, 8144
66199, 8140
66200, 8116
66201, 8116
66202, 8116
66203, 8275
66204, 895
66205, 8162
66206, 8162
66207, 8436
66208, 8436
66209, 8436
66210, 8436
66212, 8429
66213, 8429
66214, 8429
66215, 8429
66216, 8180
66217, 8219
66218, 835
66219, 836
66220, 835
66222, 824
66223, 836
66224, 8204
66225, 8261
66226, 8261
66227, 8261
66228, 8437
66229, 8437
66230, 8437
66232, 8443
66233, 8443
66234, 8443
66235, 8443
66236, 8442
66237, 8442
66238, 8442
66239, 8442
66240, 8442
66241, 8442
66242, 8442
66243, 8442
66244, 8442
66245, 8263
66246, 8263
66247, 8263
66248, 8263
66249, 8263
66250, 8263
66251, 8263
66252, 8263
66253, 8263
66254, 8263
66255, 8266
66256, 8266
66257, 8266
66258, 8266
66259, 8266
66260, 8266
66261, 8266
66262, 8266
66263, 8266
66264, 8266
66265, 8264
66266, 8264
66267, 8264
66268, 8264
66269, 8264
66270, 8264
66271, 8264
66272, 8264
66273, 8264
66274, 8264
66275, 822
66276, 822
66280, 8194
66281, 8194
66283, 8194
66284, 82
66286, 8204
66287, 8204
66288, 8204
66289, 8204
66290, 8204
66291, 8204
66292, 8211
66293, 8211
66294, 8211
66295, 8211
66296, 8282
66297, 8282
66298, 8282
66299, 8282
66300, 8283
66301, 8283
66302, 8283
66303, 8284
66304, 8284
66305, 8287
66306, 8287
66307, 8286
66308, 8286
66309, 8444
66310, 8444
66311, 8444
66312, 8444
66313, 8447
66314, 8447
66315, 8447
66316, 8448
66317, 8448
66318, 8448
66319, 8448
66320, 8449
66321, 8449
66322, 8449
66323, 8449
66324, 8451
66325, 8451
66326, 8451
66327, 8452
66328, 8452
66330, 8452
66331, 8452
66332, 8452
66333, 8453
66334, 8453
66335, 8453
66336, 8453
66337, 8453
66338, 8453
66339, 8454
66340, 8454
66341, 8454
66342, 8454
66343, 8454
66344, 8455
66345, 8455
66346, 8455
66347, 8461
66348, 8461
66349, 8461
66350, 8463
66351, 8463
66352, 8463
66353, 8464
66354, 8464
66355, 8464
66356, 8464
66357, 8466
66358, 8466
66359, 8466
66360, 8466
66361, 8466
66362, 8467
66363, 8467
66364, 8467
66365, 8467
66366, 8467
66367, 8204
66373, 8469
66374, 8469
66375, 8469
66376, 8469
66377, 8470
66378, 8470
66379, 8470
66380, 8470
66381, 8471
66382, 8471
66383, 8471
66384, 8471
66385, 8472
66386, 8472
66387, 8472
66388, 8472
66389, 8472
66390, 8472
66391, 8473
66392, 8473
66393, 8473
66394, 8474
66395, 8474
66396, 8474
66397, 8476
66398, 8476
66399, 8477
66400, 8477
66401, 8477
66402, 8174
66403, 8174
66406, 8175
66407, 8175
66408, 8459
66409, 8459
66410, 8459
66412, 8397
66413, 8397
66414, 8397
66415, 8397
66416, 8397
